Date,Activity Type,Avg HR,Max HR,Aerobic TE,Avg Run Cadence,Max Run Cadence,Avg Pace,Best Pace,Avg Stride Length,Min Elevation,Max Elevation,Avg Pace_s,Best Pace_s
2018-04-09,Running,172,187,5.0,161,175,8:26,6:54,1.19,69.0,139.0,506.0,414.0
2018-04-11,Running,170,188,5.0,157,178,8:59,7:54,1.14,328.0,463.0,539.0,474.0
2018-04-12,Running,176,195,5.0,167,213,8:13,5:07,1.17,365.0,458.0,493.0,307.0
2018-04-14,Running,174,185,5.0,168,179,8:34,7:39,1.12,,79.0,514.0,459.0
2018-04-14,Running,176,184,4.8,161,228,8:37,7:41,1.16,,79.0,517.0,461.0
2018-04-17,Running,175,185,5.0,160,240,8:20,7:17,1.21,290.0,461.0,500.0,437.0
2018-04-18,Running,179,188,5.0,158,178,8:17,6:41,1.23,364.0,472.0,497.0,401.0
2018-04-20,Running,180,189,5.0,160,170,8:13,6:54,1.23,341.0,460.0,493.0,414.0
2018-04-21,Running,179,188,4.4,159,166,8:05,7:01,1.25,349.0,479.0,485.0,421.0
2018-04-22,Running,174,185,5.0,158,172,8:56,7:51,1.14,203.0,465.0,536.0,471.0
2018-04-23,Running,176,185,5.0,161,227,8:17,7:21,1.2,331.0,462.0,497.0,441.0
2018-04-26,Running,174,191,4.8,166,191,7:24,5:25,1.31,379.0,458.0,444.0,325.0
2018-04-28,Running,177,188,5.0,163,172,7:53,6:45,1.25,288.0,472.0,473.0,405.0
2018-04-29,Running,168,182,5.0,162,174,8:08,7:06,1.22,69.0,141.0,488.0,426.0
2018-05-01,Running,169,181,4.1,160,170,8:41,7:55,1.16,331.0,472.0,521.0,475.0
2018-05-03,Running,173,183,3.5,163,170,8:24,7:42,1.17,368.0,461.0,504.0,462.0
2018-05-04,Running,173,182,3.5,164,170,8:15,7:34,1.19,369.0,461.0,495.0,454.0
2018-05-05,Running,166,184,3.0,163,170,8:11,7:21,1.2,369.0,452.0,491.0,441.0
2018-05-06,Running,171,190,5.0,167,204,8:09,4:58,1.18,1.0,141.0,489.0,298.0
2018-05-07,Running,157,177,3.1,162,168,8:57,8:00,1.11,367.0,460.0,537.0,480.0
2018-05-08,Running,164,178,3.6,161,168,8:51,8:03,1.13,332.0,439.0,531.0,483.0
2018-05-10,Running,172,183,3.4,160,241,8:07,7:14,1.24,320.0,447.0,487.0,434.0
2018-05-11,Running,175,187,4.8,163,170,8:02,7:22,1.23,203.0,432.0,482.0,442.0
2018-05-14,Running,172,188,3.8,161,171,8:39,7:00,1.15,367.0,460.0,519.0,420.0
2018-05-18,Running,174,190,5.0,167,175,8:25,7:33,1.15,195.0,443.0,505.0,453.0
2018-05-21,Running,165,178,3.2,166,174,8:46,7:21,1.11,-3.0,6.0,526.0,441.0
2018-05-23,Running,177,194,4.2,153,173,9:14,4:29,1.14,7.0,10.0,554.0,269.0
2018-05-24,Running,180,185,5.0,157,164,9:04,7:58,1.13,7.0,13.0,544.0,478.0
2018-05-25,Running,179,188,3.9,162,174,7:42,7:11,1.29,7.0,9.0,462.0,431.0
2018-05-26,Running,182,191,4.7,159,166,8:09,7:25,1.24,7.0,9.0,489.0,445.0
2018-05-28,Running,166,188,3.9,161,170,8:15,6:19,1.21,230.0,387.0,495.0,379.0
2018-05-29,Running,173,186,5.0,160,170,8:39,7:25,1.16,279.0,503.0,519.0,445.0
2018-06-01,Running,168,182,5.0,158,186,9:12,8:07,1.11,12.0,39.0,552.0,487.0
2018-06-08,Running,173,188,5.0,157,174,8:25,6:33,1.22,577.0,602.0,505.0,393.0
2018-06-09,Running,170,179,5.0,157,166,9:04,7:00,1.13,574.0,600.0,544.0,420.0
2018-06-11,Running,172,181,5.0,156,222,8:55,7:00,1.16,574.0,600.0,535.0,420.0
2018-06-13,Running,178,190,4.3,159,173,8:03,6:25,1.26,576.0,600.0,483.0,385.0
2018-06-14,Running,169,185,3.4,163,170,8:11,7:40,1.2,591.0,597.0,491.0,460.0
2018-06-16,Running,175,188,5.0,159,177,9:46,7:55,1.04,2198.0,2373.0,586.0,475.0
2018-06-23,Running,186,194,5.0,161,175,8:47,7:00,1.14,594.0,600.0,527.0,420.0
2018-06-23,Running,184,191,5.0,163,172,8:46,7:34,1.13,594.0,600.0,526.0,454.0
2018-06-24,Running,179,188,5.0,170,183,9:12,6:28,1.03,574.0,599.0,552.0,388.0
2018-06-24,Running,172,183,5.0,160,174,9:56,7:42,1.02,574.0,600.0,596.0,462.0
2018-06-24,Running,174,185,2.9,154,163,8:20,7:23,1.25,575.0,597.0,500.0,443.0
2018-06-25,Running,172,184,3.8,171,177,8:38,6:40,1.09,581.0,594.0,518.0,400.0
2018-07-02,Running,146,187,2.6,176,185,7:39,6:54,1.2,594.0,597.0,459.0,414.0
2018-07-03,Running,179,198,4.6,173,185,7:21,6:34,1.26,574.0,600.0,441.0,394.0
2018-07-06,Running,182,192,3.9,166,175,7:54,7:08,1.23,577.0,600.0,474.0,428.0
2018-07-08,Running,174,188,4.2,168,179,7:36,7:11,1.26,576.0,600.0,456.0,431.0
2018-07-10,Running,163,186,3.7,170,177,8:07,6:43,1.17,578.0,600.0,487.0,403.0
2018-07-11,Running,175,187,4.8,166,179,8:01,7:34,1.21,574.0,600.0,481.0,454.0
2018-07-12,Running,169,189,3.6,170,177,7:39,7:13,1.24,577.0,594.0,459.0,433.0
2018-07-13,Running,172,191,3.9,165,183,8:05,7:05,1.21,577.0,600.0,485.0,425.0
2018-07-24,Running,170,187,4.4,162,185,8:23,7:39,1.18,576.0,600.0,503.0,459.0
2018-07-26,Running,177,189,5.0,164,183,8:03,5:30,1.22,574.0,600.0,483.0,330.0
2018-07-27,Running,170,183,4.0,160,168,8:34,7:36,1.17,578.0,604.0,514.0,456.0
2018-07-28,Running,177,191,5.0,165,194,7:57,7:16,1.23,577.0,600.0,477.0,436.0
2018-07-30,Running,171,183,3.3,159,242,9:25,5:38,1.07,591.0,597.0,565.0,338.0
2018-07-31,Running,171,189,5.0,164,192,7:22,5:44,1.33,574.0,603.0,442.0,344.0
2018-08-02,Running,176,187,5.0,164,181,8:40,6:53,1.13,574.0,600.0,520.0,413.0
2018-08-03,Running,176,187,4.0,171,189,7:12,6:33,1.31,577.0,594.0,432.0,393.0
2018-08-04,Running,179,188,5.0,162,177,8:17,6:54,1.2,574.0,604.0,497.0,414.0
2018-08-05,Running,174,189,5.0,163,177,7:45,7:09,1.28,577.0,600.0,465.0,429.0
2018-08-07,Running,175,187,5.0,162,185,8:30,6:32,1.17,577.0,597.0,510.0,392.0
2018-08-08,Running,161,177,4.3,157,177,9:32,7:18,1.08,574.0,600.0,572.0,438.0
2018-08-14,Running,158,173,3.2,153,163,11:38,8:02,0.9,579.0,594.0,698.0,482.0
2018-08-15,Running,160,178,2.9,156,162,9:50,8:14,1.05,591.0,597.0,590.0,494.0
2018-08-17,Running,168,183,3.4,156,181,9:55,7:04,1.04,94.0,163.0,595.0,424.0
2018-08-20,Running,180,189,5.0,161,179,8:28,7:11,1.18,574.0,600.0,508.0,431.0
2018-08-24,Running,176,186,5.0,159,194,7:57,6:54,1.27,574.0,600.0,477.0,414.0
2018-08-25,Running,157,179,3.0,156,246,8:59,5:12,1.15,574.0,600.0,539.0,312.0
2018-08-25,Running,186,194,3.0,166,172,7:14,6:35,1.34,587.0,594.0,434.0,395.0
2018-08-26,Running,180,196,4.7,156,208,10:15,8:19,1.0,462.0,612.0,615.0,499.0
2018-08-28,Running,177,185,5.0,161,183,8:12,7:03,1.22,574.0,600.0,492.0,423.0
2018-08-29,Running,175,184,5.0,159,168,8:24,7:26,1.2,574.0,600.0,504.0,446.0
2018-08-29,Running,156,184,2.8,166,175,7:20,6:42,1.32,577.0,600.0,440.0,402.0
2018-09-04,Running,174,189,4.4,162,170,8:36,7:41,1.16,575.0,600.0,516.0,461.0
2018-09-05,Running,176,191,5.0,164,240,7:48,6:04,1.26,574.0,604.0,468.0,364.0
2018-09-06,Running,159,186,3.7,164,216,7:39,6:32,1.28,584.0,597.0,459.0,392.0
2018-09-11,Running,164,179,3.7,157,168,9:55,7:44,1.03,3.0,13.0,595.0,464.0
2018-09-13,Running,174,190,5.0,165,189,7:48,6:40,1.25,574.0,602.0,468.0,400.0
2018-09-15,Running,176,187,5.0,165,246,8:12,6:31,1.19,574.0,601.0,492.0,391.0
2018-09-18,Running,169,187,4.3,170,189,7:26,6:17,1.27,577.0,600.0,446.0,377.0
2018-09-19,Running,171,186,5.0,168,238,7:24,6:51,1.29,574.0,604.0,444.0,411.0
2018-09-22,Running,169,188,5.0,166,238,7:53,6:22,1.23,574.0,600.0,473.0,382.0
2018-09-26,Running,174,188,5.0,168,179,7:52,7:04,1.22,574.0,604.0,472.0,424.0
2018-09-26,Running,164,184,4.0,165,195,7:54,4:36,1.23,577.0,600.0,474.0,276.0
2018-09-27,Running,176,189,5.0,167,238,7:44,6:05,1.25,577.0,600.0,464.0,365.0
2018-09-29,Running,171,192,5.0,168,224,8:11,6:02,1.17,575.0,602.0,491.0,362.0
2018-10-02,Running,166,182,4.4,164,204,7:14,4:54,1.35,574.0,602.0,434.0,294.0
2018-10-03,Running,174,187,5.0,165,243,7:47,5:46,1.25,574.0,600.0,467.0,346.0
2018-10-06,Running,170,181,5.0,167,179,8:26,6:36,1.14,574.0,601.0,506.0,396.0
2018-10-09,Running,170,183,4.5,164,177,7:48,6:54,1.26,574.0,600.0,468.0,414.0
2018-10-10,Running,174,193,5.0,163,179,7:56,6:22,1.25,574.0,600.0,476.0,382.0
2018-10-11,Running,167,194,4.4,166,241,7:16,5:52,1.34,574.0,602.0,436.0,352.0
2018-10-14,Running,174,187,5.0,164,189,8:36,6:37,1.14,574.0,600.0,516.0,397.0
2018-10-16,Running,162,187,4.1,166,179,7:19,5:07,1.33,576.0,602.0,439.0,307.0
2018-10-17,Running,172,183,5.0,165,238,7:47,6:30,1.26,574.0,600.0,467.0,390.0
2018-10-18,Running,166,182,4.3,163,250,7:42,6:17,1.28,574.0,601.0,462.0,377.0
2018-10-20,Running,170,183,5.0,164,175,8:19,6:48,1.18,574.0,600.0,499.0,408.0
2018-11-18,Running,183,203,5.0,158,175,10:01,7:55,1.02,,,601.0,475.0
2018-11-20,Running,171,186,5.0,155,168,10:21,9:06,1.0,,,621.0,546.0
2018-11-21,Running,166,191,5.0,153,168,11:02,9:11,0.96,,,662.0,551.0
2018-11-27,Running,146,179,3.8,149,163,12:20,9:11,0.9,,,740.0,551.0
2018-11-28,Running,163,180,4.6,148,162,10:48,9:31,1.0,,,648.0,571.0
2018-11-30,Running,163,185,5.0,155,168,10:43,8:33,0.98,,,643.0,513.0
2018-12-02,Running,180,190,5.0,157,170,9:44,8:17,1.05,,,584.0,497.0
2018-12-03,Running,174,190,5.0,156,170,9:30,7:55,1.08,,,570.0,475.0
2018-12-05,Running,173,194,5.0,158,242,9:30,7:53,1.07,,,570.0,473.0
2018-12-07,Running,171,193,5.0,161,177,8:47,7:06,1.14,,,527.0,426.0
2018-12-10,Running,169,196,4.8,158,174,9:06,7:42,1.12,,,546.0,462.0
2018-12-11,Running,159,180,4.2,156,168,9:29,8:14,1.09,,,569.0,494.0
2018-12-12,Running,167,188,4.1,154,166,9:25,7:51,1.11,,,565.0,471.0
2018-12-28,Running,183,202,5.0,164,178,8:47,7:23,1.11,575.0,604.0,527.0,443.0
2018-12-30,Running,181,205,5.0,164,246,8:42,6:17,1.13,574.0,606.0,522.0,377.0
2019-01-01,Running,171,190,5.0,169,193,7:53,6:39,1.21,574.0,602.0,473.0,399.0
2019-01-03,Running,169,192,5.0,164,249,8:23,2:09,1.17,574.0,604.0,503.0,129.0
2019-01-05,Running,171,186,5.0,167,174,8:01,7:27,1.2,577.0,604.0,481.0,447.0
2019-01-07,Running,164,186,4.0,154,168,9:42,8:17,1.08,,,582.0,497.0
2019-01-08,Running,169,190,5.0,159,174,9:07,7:56,1.1,,,547.0,476.0
2019-01-09,Running,167,187,5.0,164,174,8:57,6:35,1.09,574.0,604.0,537.0,395.0
2019-01-12,Running,165,190,5.0,166,175,7:49,6:46,1.24,574.0,600.0,469.0,406.0
2019-01-13,Running,166,182,5.0,166,189,8:25,5:39,1.16,574.0,600.0,505.0,339.0
2019-01-15,Running,170,184,4.9,164,238,7:46,7:05,1.26,574.0,602.0,466.0,425.0
2019-01-16,Running,156,191,3.8,156,242,9:29,8:06,1.09,,,569.0,486.0
2019-01-19,Running,173,193,5.0,160,175,9:00,7:56,1.12,,,540.0,476.0
2019-01-20,Running,171,188,5.0,163,248,8:53,6:16,1.11,575.0,600.0,533.0,376.0
2019-01-21,Running,162,187,4.8,156,170,10:06,8:04,1.02,,,606.0,484.0
2019-01-22,Running,155,176,3.3,150,162,11:16,9:24,0.96,,,676.0,564.0
2019-01-23,Running,164,179,5.0,159,177,8:28,4:41,1.19,574.0,607.0,508.0,281.0
2019-01-24,Running,160,183,4.5,162,243,8:28,6:45,1.18,574.0,600.0,508.0,405.0
2019-01-26,Running,149,179,3.4,149,175,9:38,6:13,1.11,574.0,600.0,578.0,373.0
2019-01-27,Running,167,186,5.0,164,172,8:29,7:10,1.15,576.0,600.0,509.0,430.0
2019-02-02,Running,171,191,5.0,166,183,7:46,6:49,1.24,574.0,601.0,466.0,409.0
2019-02-03,Running,168,182,5.0,166,182,8:20,7:10,1.16,574.0,600.0,500.0,430.0
2019-02-05,Running,165,184,5.0,165,244,8:02,6:32,1.22,575.0,600.0,482.0,392.0
2019-02-06,Running,161,186,4.0,154,172,9:47,7:49,1.08,,,587.0,469.0
2019-02-07,Running,157,182,4.8,165,250,8:08,6:55,1.2,577.0,600.0,488.0,415.0
2019-02-08,Running,157,175,2.6,167,183,7:49,5:33,1.23,577.0,600.0,469.0,333.0
2019-02-09,Running,162,189,4.8,166,185,8:27,7:05,1.15,574.0,600.0,507.0,425.0
2019-02-10,Running,161,176,5.0,165,239,8:39,6:58,1.13,574.0,600.0,519.0,418.0
2019-02-16,Running,167,183,3.5,169,247,7:54,7:01,1.2,574.0,600.0,474.0,421.0
2019-02-17,Running,174,188,5.0,166,180,8:08,7:07,1.19,574.0,604.0,488.0,427.0
2019-02-18,Running,162,178,3.6,157,170,9:32,8:03,1.07,,,572.0,483.0
2019-02-19,Running,162,181,4.9,166,250,7:52,6:01,1.23,574.0,600.0,472.0,361.0
2019-02-21,Running,171,188,5.0,160,172,8:55,7:40,1.13,,,535.0,460.0
2019-02-22,Running,164,187,4.4,158,171,9:05,7:44,1.12,,,545.0,464.0
2019-02-23,Running,173,188,5.0,167,181,7:54,6:30,1.22,574.0,600.0,474.0,390.0
2019-02-24,Running,170,202,5.0,165,183,8:29,7:14,1.15,575.0,600.0,509.0,434.0
2019-02-25,Running,163,179,2.5,162,168,8:57,8:26,1.11,,,537.0,506.0
2019-02-26,Running,150,167,4.0,166,239,8:34,6:48,1.13,575.0,600.0,514.0,408.0
2019-02-27,Running,168,184,4.8,154,177,9:49,7:32,1.07,,,589.0,452.0
2019-03-01,Running,156,177,3.9,154,164,10:10,8:27,1.03,,,610.0,507.0
2019-03-02,Running,173,192,5.0,161,174,8:58,7:50,1.11,,,538.0,470.0
2019-03-03,Running,171,190,5.0,165,247,9:04,6:56,1.07,574.0,601.0,544.0,416.0
2019-03-05,Running,165,185,5.0,158,178,9:31,7:54,1.07,,,571.0,474.0
2019-03-06,Running,164,179,4.2,159,166,9:22,8:20,1.08,,,562.0,500.0
2019-03-07,Running,158,174,4.1,161,174,9:08,8:03,1.09,,,548.0,483.0
2019-03-14,Running,173,187,5.0,159,172,9:16,8:07,1.09,,,556.0,487.0
2019-03-15,Running,175,189,5.0,162,174,9:11,7:55,1.08,,,551.0,475.0
2019-03-19,Running,171,186,5.0,168,238,7:54,7:04,1.21,574.0,600.0,474.0,424.0
2019-03-20,Running,0,0,,0,0,8:15,,0.0,,,495.0,
2019-03-21,Running,166,187,4.8,168,244,7:26,2:04,1.29,574.0,604.0,446.0,124.0
2019-03-22,Running,150,174,2.8,171,179,7:18,6:35,1.29,577.0,604.0,438.0,395.0
2019-03-23,Running,163,179,5.0,167,247,8:39,6:28,1.11,574.0,600.0,519.0,388.0
2019-03-24,Running,161,176,4.0,157,170,9:56,8:35,1.03,,,596.0,515.0
2019-03-25,Running,167,184,4.5,156,172,9:35,7:47,1.08,,,575.0,467.0
2019-03-27,Running,163,187,4.2,166,194,8:05,6:46,1.2,574.0,600.0,485.0,406.0
2019-03-28,Running,166,184,4.9,169,183,7:21,5:56,1.3,574.0,600.0,441.0,356.0
2019-03-29,Running,167,186,5.0,169,242,7:46,6:33,1.22,574.0,600.0,466.0,393.0
2019-03-30,Running,158,184,3.6,160,175,8:40,7:32,1.16,,,520.0,452.0
2019-04-01,Running,164,183,4.4,168,179,7:24,6:33,1.29,574.0,600.0,444.0,393.0
2019-04-01,Running,141,171,2.3,140,246,10:21,5:47,1.1,578.0,600.0,621.0,347.0
2019-04-06,Running,171,193,5.0,167,176,8:24,7:27,1.15,574.0,600.0,504.0,447.0
2019-04-07,Running,169,191,5.0,167,177,8:08,6:47,1.18,574.0,600.0,488.0,407.0
2019-04-08,Running,162,181,3.9,164,242,7:31,6:36,1.3,574.0,600.0,451.0,396.0
2019-04-09,Running,170,183,5.0,167,248,7:37,6:49,1.26,574.0,600.0,457.0,409.0
2019-04-10,Running,169,181,4.7,163,175,8:18,7:40,1.19,,,498.0,460.0
2019-04-11,Running,163,181,5.0,166,242,7:57,6:36,1.22,575.0,600.0,477.0,396.0
2019-04-12,Running,157,173,3.2,154,168,9:16,8:03,1.12,,,556.0,483.0
2019-04-13,Running,169,193,5.0,164,249,8:07,5:34,1.2,577.0,600.0,487.0,334.0
2019-04-14,Running,168,185,5.0,158,211,8:43,7:21,1.16,,,523.0,441.0
2019-04-16,Running,164,181,5.0,165,247,8:30,6:12,1.15,575.0,600.0,510.0,372.0
2019-04-17,Running,164,189,5.0,165,183,8:31,7:13,1.14,574.0,600.0,511.0,433.0
2019-04-18,Running,164,183,5.0,167,241,8:10,5:29,1.17,577.0,600.0,490.0,329.0
2019-04-20,Running,164,181,5.0,156,189,10:35,6:59,0.97,1358.0,2435.0,635.0,419.0
2019-04-21,Running,160,189,4.8,164,219,8:49,7:05,1.11,1104.0,1425.0,529.0,425.0
2019-04-25,Running,163,198,5.0,165,172,8:33,7:01,1.14,575.0,600.0,513.0,421.0
2019-04-29,Running,170,189,4.7,161,174,9:14,8:13,1.08,,,554.0,493.0
2019-04-30,Running,169,188,5.0,162,175,9:20,8:07,1.06,,,560.0,487.0
2019-05-01,Running,172,191,5.0,162,172,8:47,7:28,1.13,,,527.0,448.0
2019-05-02,Running,167,187,4.5,162,174,8:39,7:16,1.15,,,519.0,436.0
2019-05-04,Running,162,184,4.2,159,175,8:56,7:19,1.13,,,536.0,439.0
2019-05-05,Running,166,180,4.9,166,172,8:13,7:01,1.18,484.0,1421.0,493.0,421.0
2019-05-07,Running,162,185,3.7,158,170,9:11,7:54,1.11,,,551.0,474.0
2019-05-09,Running,154,175,2.9,158,166,8:51,8:00,1.15,,,531.0,480.0
2019-05-11,Running,170,192,5.0,162,179,8:44,6:35,1.13,,78.0,524.0,395.0
2019-05-21,Running,168,183,3.3,157,170,9:46,8:32,1.05,,,586.0,512.0
2019-05-22,Running,173,191,3.8,165,189,8:32,8:00,1.14,574.0,599.0,512.0,480.0
2019-05-23,Running,166,187,3.4,163,179,7:38,7:09,1.29,575.0,601.0,458.0,429.0
2019-05-23,Running,187,199,4.7,170,186,6:49,4:48,1.39,574.0,604.0,409.0,288.0
2019-05-23,Running,172,183,3.2,161,170,8:19,6:24,1.2,575.0,599.0,499.0,384.0
2019-05-25,Running,166,185,3.0,159,168,8:34,7:33,1.18,,,514.0,453.0
2019-05-26,Running,161,175,4.6,163,178,8:24,6:26,1.18,574.0,600.0,504.0,386.0
2019-05-27,Running,167,189,3.2,169,182,7:23,6:54,1.29,575.0,600.0,443.0,414.0
2019-05-28,Running,162,182,5.0,163,182,8:11,6:47,1.2,574.0,600.0,491.0,407.0
2019-05-29,Running,158,180,2.8,155,164,9:23,8:02,1.1,,,563.0,482.0
2019-05-30,Running,170,184,5.0,164,191,7:54,3:18,1.24,574.0,599.0,474.0,198.0
2019-05-31,Running,156,174,3.7,159,247,9:04,6:45,1.11,574.0,600.0,544.0,405.0
2019-06-02,Running,177,192,5.0,168,177,7:57,7:06,1.21,574.0,600.0,477.0,426.0
2019-06-03,Running,161,182,3.5,159,175,8:46,7:21,1.15,,,526.0,441.0
2019-06-05,Running,169,184,5.0,164,172,8:14,7:11,1.19,615.0,784.0,494.0,431.0
2019-06-06,Running,171,184,5.0,165,172,8:14,1:46,1.19,619.0,802.0,494.0,106.0
2019-06-07,Running,174,182,4.0,164,168,7:46,7:06,1.26,7.0,16.0,466.0,426.0
2019-06-12,Running,165,184,4.0,156,170,8:59,7:53,1.14,,,539.0,473.0
2019-06-13,Running,165,182,5.0,163,172,8:52,7:39,1.12,574.0,600.0,532.0,459.0
2019-06-15,Running,176,190,5.0,160,170,9:25,8:21,1.07,,,565.0,501.0
2019-06-16,Running,168,183,5.0,166,248,8:15,6:23,1.17,574.0,600.0,495.0,383.0
2019-06-17,Running,159,178,3.7,154,168,9:48,8:29,1.06,,,588.0,509.0
2019-06-18,Running,156,179,3.5,159,174,9:19,7:56,1.08,,,559.0,476.0
2019-06-19,Running,152,172,3.4,155,165,9:37,8:32,1.07,,,577.0,512.0
2019-06-20,Running,161,182,3.9,157,175,9:19,7:26,1.09,,,559.0,446.0
2019-06-29,Running,181,190,5.0,168,175,7:53,7:12,1.22,574.0,592.0,473.0,432.0
2019-06-30,Running,168,183,5.0,164,171,8:44,6:50,1.13,574.0,594.0,524.0,410.0
2019-07-06,Running,180,190,5.0,164,172,8:35,7:21,1.14,575.0,600.0,515.0,441.0
2019-07-07,Running,174,195,5.0,165,242,8:49,7:28,1.11,574.0,600.0,529.0,448.0
2019-07-13,Running,180,193,5.0,163,181,8:43,7:20,1.13,574.0,597.0,523.0,440.0
2019-07-14,Running,181,195,5.0,163,243,8:31,6:02,1.16,575.0,600.0,511.0,362.0
2019-07-17,Running,174,194,5.0,161,179,8:27,6:15,1.17,581.0,591.0,507.0,375.0
2019-07-18,Running,155,179,3.9,158,172,9:41,7:39,1.05,,,581.0,459.0
2019-07-21,Running,167,183,5.0,158,166,9:51,9:01,1.03,,,591.0,541.0
2019-07-23,Running,168,185,5.0,161,235,7:42,6:37,1.3,574.0,599.0,462.0,397.0
2019-07-25,Running,169,187,4.0,157,174,8:22,7:11,1.21,,,502.0,431.0
2019-08-03,Running,180,195,5.0,164,177,7:49,2:16,1.26,574.0,600.0,469.0,136.0
2019-08-04,Running,176,191,5.0,165,179,9:00,6:55,1.08,574.0,599.0,540.0,415.0
2019-08-11,Running,176,186,5.0,163,245,8:51,6:50,1.11,574.0,600.0,531.0,410.0
2019-08-12,Running,166,186,4.8,159,173,9:41,7:49,1.04,,,581.0,469.0
2019-08-14,Running,169,180,5.0,162,172,9:07,7:45,1.09,574.0,600.0,547.0,465.0
2019-08-15,Running,159,178,3.7,160,186,9:07,7:22,1.1,574.0,599.0,547.0,442.0
2019-08-16,Running,165,181,5.0,156,244,10:00,8:02,1.03,630.0,669.0,600.0,482.0
2019-08-17,Running,163,176,5.0,162,173,9:01,6:18,1.1,574.0,600.0,541.0,378.0
2019-08-18,Running,162,178,5.0,162,178,9:18,7:16,1.07,574.0,600.0,558.0,436.0
2019-08-19,Running,153,165,4.1,160,168,9:37,7:21,1.04,574.0,600.0,577.0,441.0
2019-08-20,Running,164,185,4.2,162,179,8:30,6:13,1.16,574.0,595.0,510.0,373.0
2019-08-20,Running,148,165,2.9,159,168,9:37,7:23,1.05,575.0,600.0,577.0,443.0
2019-08-21,Running,154,180,2.8,164,177,8:17,6:16,1.19,574.0,600.0,497.0,376.0
2019-08-22,Running,171,184,5.0,165,175,8:13,6:42,1.19,574.0,600.0,493.0,402.0
2019-08-24,Running,173,182,5.0,167,189,7:38,6:37,1.26,574.0,600.0,458.0,397.0
2019-08-25,Running,167,187,5.0,166,243,8:40,6:57,1.12,574.0,600.0,520.0,417.0
2019-08-28,Running,170,182,4.7,165,249,8:19,7:04,1.17,594.0,597.0,499.0,424.0
2019-08-29,Running,172,188,5.0,161,174,8:34,7:16,1.16,,,514.0,436.0
2019-08-31,Running,171,184,5.0,164,210,8:00,6:54,1.23,574.0,600.0,480.0,414.0
2019-09-01,Running,164,189,5.0,163,176,9:41,6:54,1.02,574.0,600.0,581.0,414.0
2019-09-09,Running,159,179,3.3,157,170,9:58,8:23,1.03,,,598.0,503.0
2019-09-10,Running,169,186,4.3,162,175,8:50,7:30,1.12,,,530.0,450.0
2019-09-11,Running,166,178,4.5,163,176,9:20,7:53,1.06,574.0,600.0,560.0,473.0
2019-09-14,Running,174,182,5.0,168,174,9:05,8:19,1.06,584.0,597.0,545.0,499.0
2019-09-15,Running,166,177,5.0,164,172,10:04,7:42,0.97,593.0,597.0,604.0,462.0
2019-09-17,Running,168,187,4.7,161,177,9:28,7:21,1.06,,,568.0,441.0
2019-09-18,Running,167,181,4.6,164,177,8:28,6:05,1.16,594.0,597.0,508.0,365.0
2019-09-19,Running,168,187,4.4,161,177,8:30,6:59,1.17,,,510.0,419.0
2019-09-21,Running,173,187,5.0,163,232,8:55,7:34,1.1,,,535.0,454.0
2019-09-22,Running,172,182,5.0,168,244,8:52,5:56,1.08,574.0,598.0,532.0,356.0
2019-09-23,Running,157,175,3.9,160,170,9:11,7:44,1.09,,,551.0,464.0
2019-09-24,Running,159,179,3.8,162,174,8:40,7:17,1.14,,,520.0,437.0
2019-09-26,Running,149,167,2.9,160,171,8:26,7:28,1.19,,,506.0,448.0
2019-09-29,Running,169,181,5.0,170,243,8:06,6:21,1.17,574.0,600.0,486.0,381.0
2019-09-30,Treadmill Running,159,177,3.5,159,172,8:30,6:51,1.18,,,510.0,411.0
2019-10-01,Treadmill Running,158,181,3.2,160,177,8:36,6:22,1.16,,,516.0,382.0
2019-10-06,Running,173,189,5.0,168,177,8:44,7:14,1.1,581.0,784.0,524.0,434.0
2019-10-15,Running,168,187,5.0,164,170,8:37,8:10,1.14,1.0,28.0,517.0,490.0
2019-10-21,Treadmill Running,171,185,4.7,159,170,9:23,6:01,1.08,,,563.0,361.0
2019-10-27,Running,180,207,5.0,169,178,8:09,6:41,1.17,574.0,600.0,489.0,401.0
2019-11-03,Treadmill Running,171,190,4.0,157,168,9:41,8:03,1.05,,,581.0,483.0
2019-11-04,Treadmill Running,164,187,5.0,163,240,8:39,5:45,1.13,,,519.0,345.0
2019-11-05,Treadmill Running,174,188,5.0,162,174,8:44,6:28,1.13,,,524.0,388.0
2019-11-08,Running,171,184,4.9,170,213,8:23,6:53,1.13,2047.0,2110.0,503.0,413.0
2019-11-09,Running,168,184,5.0,168,175,8:33,7:28,1.12,2075.0,2296.0,513.0,448.0
2019-11-17,Treadmill Running,158,172,3.7,160,174,9:44,8:00,1.03,,,584.0,480.0
2019-11-18,Treadmill Running,169,193,4.3,160,172,9:28,7:00,1.05,,,568.0,420.0
2019-11-20,Treadmill Running,168,189,5.0,163,178,9:15,6:03,1.06,,,555.0,363.0
2019-11-21,Treadmill Running,161,183,4.4,164,175,9:10,6:36,1.07,,,550.0,396.0
2019-11-23,Treadmill Running,157,174,3.3,159,171,10:15,8:26,0.98,,,615.0,506.0
2019-11-24,Running,157,172,3.3,167,241,8:17,7:18,1.17,-29.0,1558.0,497.0,438.0
2019-11-30,Running,173,193,5.0,163,241,9:30,6:54,1.04,763.0,1161.0,570.0,414.0
2019-12-03,Treadmill Running,162,175,5.0,160,172,9:54,8:35,1.01,,,594.0,515.0
2019-12-05,Treadmill Running,162,174,5.0,159,170,9:39,8:02,1.04,,,579.0,482.0
2019-12-06,Treadmill Running,161,183,5.0,161,174,9:29,7:39,1.05,,,569.0,459.0
2019-12-08,Treadmill Running,165,180,5.0,161,174,9:21,6:50,1.07,,,561.0,410.0
2019-12-10,Treadmill Running,163,177,5.0,161,172,9:25,6:53,1.06,,,565.0,413.0
2019-12-11,Treadmill Running,159,177,4.9,162,176,9:23,7:47,1.06,,,563.0,467.0
2019-12-12,Treadmill Running,161,180,5.0,162,174,9:28,7:58,1.05,,,568.0,478.0
2019-12-13,Treadmill Running,161,190,5.0,164,246,9:01,5:54,1.09,,,541.0,354.0
2019-12-15,Treadmill Running,157,161,4.7,164,174,9:13,7:49,1.06,,,553.0,469.0
2019-12-17,Treadmill Running,160,179,4.9,160,173,9:39,8:13,1.04,,,579.0,493.0
2019-12-18,Treadmill Running,158,171,4.5,160,199,9:36,7:03,1.05,,,576.0,423.0
2019-12-19,Treadmill Running,156,181,4.5,163,173,9:10,6:53,1.08,,,550.0,413.0
2019-12-22,Running,161,183,4.3,156,178,10:58,7:12,0.94,249.0,420.0,658.0,432.0
2020-01-04,Treadmill Running,168,184,4.3,156,168,10:24,8:30,0.99,,,624.0,510.0
2020-01-05,Treadmill Running,165,179,4.0,158,170,10:38,8:41,0.95,,,638.0,521.0
2020-01-06,Treadmill Running,162,180,5.0,161,173,10:17,5:25,0.97,,,617.0,325.0
2020-01-07,Treadmill Running,159,177,4.7,162,174,10:11,8:03,0.98,,,611.0,483.0
2020-01-09,Treadmill Running,164,178,5.0,162,173,10:17,7:45,0.96,,,617.0,465.0
2020-01-10,Treadmill Running,158,185,3.6,159,173,10:46,8:43,0.93,,,646.0,523.0
2020-01-11,Treadmill Running,147,156,3.5,161,170,9:57,8:30,1.0,,,597.0,510.0
2020-01-13,Treadmill Running,147,156,3.8,158,168,10:22,8:19,0.98,,,622.0,499.0
2020-01-14,Treadmill Running,161,174,4.9,155,166,10:26,8:47,0.99,,,626.0,527.0
2020-01-15,Treadmill Running,165,180,5.0,159,170,10:09,8:36,1.0,,,609.0,516.0
2020-01-16,Treadmill Running,159,174,5.0,157,168,10:13,8:24,1.0,,,613.0,504.0
2020-01-18,Treadmill Running,167,180,5.0,161,173,9:50,6:44,1.02,,,590.0,404.0
2020-01-20,Treadmill Running,165,182,5.0,159,239,9:48,6:40,1.03,,,588.0,400.0
2020-01-21,Treadmill Running,155,172,3.5,153,166,10:24,7:46,1.0,,,624.0,466.0
2020-01-23,Treadmill Running,159,178,5.0,157,168,9:57,7:55,1.03,,,597.0,475.0
2020-01-24,Treadmill Running,159,193,4.9,159,172,9:46,7:01,1.03,,,586.0,421.0
2020-01-25,Treadmill Running,164,181,5.0,159,236,9:51,6:03,1.02,,,591.0,363.0
2020-01-26,Treadmill Running,167,183,5.0,163,177,9:30,5:21,1.04,,,570.0,321.0
2020-01-28,Treadmill Running,150,175,3.4,156,172,10:11,8:09,1.01,,,611.0,489.0
2020-01-29,Treadmill Running,158,178,4.7,162,175,10:12,8:07,0.97,,,612.0,487.0
2020-01-30,Treadmill Running,163,180,5.0,162,175,9:27,5:13,1.05,,,567.0,313.0
2020-01-31,Treadmill Running,161,180,5.0,161,170,9:42,7:51,1.03,,,582.0,471.0
2020-02-01,Treadmill Running,165,177,5.0,165,177,8:46,6:36,1.11,,,526.0,396.0
2020-02-02,Treadmill Running,162,192,5.0,162,242,9:21,6:17,1.06,,,561.0,377.0
2020-02-04,Treadmill Running,157,172,4.0,163,177,9:05,5:34,1.08,,,545.0,334.0
2020-02-09,Treadmill Running,176,188,5.0,164,177,9:22,7:35,1.05,,,562.0,455.0
2020-02-11,Treadmill Running,171,185,5.0,165,180,9:19,6:33,1.04,,,559.0,393.0
2020-02-12,Treadmill Running,164,184,5.0,167,181,8:57,6:53,1.07,,,537.0,413.0
2020-02-13,Treadmill Running,166,179,5.0,163,176,9:36,5:39,1.03,,,576.0,339.0
2020-02-15,Treadmill Running,164,185,5.0,167,181,8:36,6:07,1.12,,,516.0,367.0
2020-02-16,Treadmill Running,169,180,5.0,152,163,11:16,9:20,0.94,,,676.0,560.0
2020-02-17,Treadmill Running,132,149,3.0,153,247,12:05,7:09,0.87,,,725.0,429.0
2020-02-18,Treadmill Running,159,178,4.7,161,177,9:41,7:44,1.03,,,581.0,464.0
2020-02-19,Treadmill Running,160,180,4.9,160,172,10:14,8:39,0.98,,,614.0,519.0
2020-02-20,Treadmill Running,142,170,2.6,157,176,10:53,8:02,0.94,,,653.0,482.0
2020-03-01,Running,182,196,5.0,168,250,8:05,5:24,1.19,574.0,599.0,485.0,324.0
2020-03-05,Running,153,172,3.1,158,174,9:55,8:27,1.02,,,595.0,507.0
2020-03-06,Running,172,187,5.0,163,181,9:23,8:02,1.05,,,563.0,482.0
2020-03-07,Running,167,179,4.8,168,241,8:47,7:01,1.09,574.0,635.0,527.0,421.0
2020-03-08,Running,172,185,5.0,171,181,8:05,4:36,1.16,33.0,164.0,485.0,276.0
2020-03-14,Running,176,189,5.0,169,175,8:25,7:49,1.13,7.0,56.0,505.0,469.0
2020-03-21,Running,173,201,4.4,171,177,8:13,7:20,1.15,584.0,597.0,493.0,440.0
2020-03-23,Running,181,196,4.9,169,177,8:07,6:40,1.17,594.0,597.0,487.0,400.0
2020-03-24,Running,167,191,4.4,169,233,8:08,7:02,1.17,594.0,597.0,488.0,422.0
2020-04-02,Running,178,189,4.8,167,174,8:41,8:09,1.11,594.0,597.0,521.0,489.0
2020-04-03,Running,182,192,5.0,168,183,8:08,7:13,1.18,584.0,597.0,488.0,433.0
2020-04-04,Running,163,191,5.0,170,179,8:16,7:00,1.15,574.0,603.0,496.0,420.0
2020-04-05,Running,163,184,4.2,159,174,9:23,8:09,1.07,686.0,699.0,563.0,489.0
2020-04-07,Running,176,190,5.0,164,172,8:49,7:47,1.11,587.0,597.0,529.0,467.0
2020-04-10,Running,183,194,5.0,166,177,8:11,7:04,1.18,587.0,597.0,491.0,424.0
2020-04-11,Running,158,173,3.7,167,182,8:39,5:59,1.11,689.0,725.0,519.0,359.0
2020-04-12,Running,162,194,4.1,166,246,8:26,4:52,1.15,575.0,600.0,506.0,292.0
2020-04-13,Running,153,175,2.9,171,179,7:56,7:17,1.18,584.0,597.0,476.0,437.0
2020-04-24,Running,149,170,2.1,165,172,8:39,7:41,1.13,594.0,597.0,519.0,461.0
2020-04-24,Running,175,184,2.8,166,174,9:16,8:19,1.05,594.0,597.0,556.0,499.0
2020-04-26,Running,150,167,2.1,166,172,9:02,8:00,1.07,594.0,597.0,542.0,480.0
2020-04-26,Running,173,183,2.5,166,181,8:40,6:49,1.12,594.0,612.0,520.0,409.0
2020-05-02,Running,169,198,5.0,162,177,9:17,5:55,1.07,587.0,777.0,557.0,355.0
2020-05-06,Running,170,191,4.0,169,175,8:05,6:42,1.18,577.0,648.0,485.0,402.0
2020-05-10,Running,175,192,5.0,169,186,8:43,6:05,1.09,584.0,605.0,523.0,365.0
2020-05-12,Running,164,186,4.1,169,177,8:17,7:04,1.15,584.0,597.0,497.0,424.0
2020-05-13,Running,168,194,4.5,169,177,7:53,7:09,1.21,594.0,603.0,473.0,429.0
2020-05-14,Running,180,189,5.0,167,174,8:16,7:29,1.17,566.0,600.0,496.0,449.0
2020-05-15,Running,174,183,5.0,165,242,8:52,6:31,1.1,577.0,640.0,532.0,391.0
2020-05-22,Running,171,183,4.7,168,175,8:33,7:45,1.12,594.0,600.0,513.0,465.0
2020-05-23,Running,172,184,5.0,168,179,8:27,7:25,1.13,574.0,2436.0,507.0,445.0
2020-05-24,Running,165,182,4.7,164,175,9:10,7:10,1.07,594.0,600.0,550.0,430.0
2020-05-26,Running,159,176,3.5,158,166,9:27,7:22,1.07,594.0,601.0,567.0,442.0
2020-05-27,Running,165,181,3.7,164,177,8:34,7:29,1.14,591.0,597.0,514.0,449.0
2020-05-29,Running,162,182,3.6,164,178,8:53,7:11,1.1,577.0,22972.0,533.0,431.0
2020-05-30,Running,175,183,2.4,168,175,8:19,7:36,1.15,594.0,597.0,499.0,456.0
2020-05-30,Running,172,188,5.0,167,175,8:10,7:20,1.18,594.0,600.0,490.0,440.0
2020-05-31,Running,144,161,1.9,168,174,8:14,7:13,1.17,594.0,597.0,494.0,433.0
2020-06-08,Running,173,185,4.1,164,170,8:20,7:30,1.18,584.0,687.0,500.0,450.0
2020-06-10,Running,161,173,3.5,159,168,9:33,7:59,1.06,594.0,597.0,573.0,479.0
2020-06-13,Running,162,186,4.4,155,168,10:12,8:07,1.02,1039.0,1112.0,612.0,487.0
2020-06-16,Running,176,186,5.0,165,177,8:20,6:37,1.17,577.0,600.0,500.0,397.0
2020-06-18,Running,163,180,4.5,160,197,8:56,5:12,1.13,574.0,878.0,536.0,312.0
2020-06-19,Running,171,180,5.0,164,243,8:48,7:11,1.12,577.0,699.0,528.0,431.0
2020-06-20,Running,164,173,3.6,164,172,9:01,7:56,1.09,577.0,599.0,541.0,476.0
2020-06-23,Running,168,180,4.2,165,172,9:24,7:50,1.04,594.0,600.0,564.0,470.0
2020-06-24,Running,166,181,5.0,167,189,8:59,7:02,1.07,574.0,600.0,539.0,422.0
2020-06-26,Running,147,171,2.9,154,242,12:21,8:43,0.85,1054.0,1237.0,741.0,523.0
2020-06-27,Running,152,183,3.2,156,177,10:57,7:53,0.94,1147.0,1239.0,657.0,473.0
2020-06-28,Running,152,179,3.0,161,168,9:22,8:21,1.06,1151.0,1240.0,562.0,501.0
2020-07-02,Running,167,180,4.4,167,176,9:01,7:54,1.07,594.0,600.0,541.0,474.0
2020-07-03,Running,164,183,4.8,162,245,9:41,4:41,1.03,574.0,617.0,581.0,281.0
2020-07-06,Running,167,184,4.4,160,170,9:18,8:24,1.08,594.0,654.0,558.0,504.0
2020-07-07,Running,172,183,4.7,168,178,8:15,7:12,1.16,594.0,600.0,495.0,432.0
2020-07-08,Running,164,177,4.1,164,174,9:19,8:14,1.06,581.0,597.0,559.0,494.0
2020-07-10,Running,170,181,5.0,171,181,8:53,7:42,1.06,581.0,710.0,533.0,462.0
2020-07-11,Running,166,184,5.0,165,235,9:55,8:20,0.99,594.0,677.0,595.0,500.0
2020-07-13,Running,159,176,3.1,169,176,8:43,8:03,1.09,581.0,601.0,523.0,483.0
2020-07-14,Running,160,183,5.0,152,235,11:23,7:21,0.92,591.0,669.0,683.0,441.0
2020-07-16,Running,162,178,4.8,165,227,9:08,7:14,1.07,577.0,618.0,548.0,434.0
2020-07-17,Running,160,181,4.9,166,187,9:12,5:59,1.06,580.0,602.0,552.0,359.0
2020-07-18,Treadmill Running,130,167,2.2,108,211,36:51,9:41,0.41,,,2211.0,581.0
2020-07-20,Running,159,179,4.9,165,240,9:14,5:24,1.05,575.0,600.0,554.0,324.0
2020-07-21,Running,147,174,3.6,116,218,17:56,10:36,0.77,,,1076.0,636.0
2020-07-22,Running,162,175,4.8,167,237,8:59,6:30,1.08,580.0,601.0,539.0,390.0
2020-07-23,Running,164,179,4.8,166,177,8:52,7:08,1.1,543.0,757.0,532.0,428.0
2020-07-28,Running,175,189,5.0,166,172,8:25,7:49,1.15,550.0,665.0,505.0,469.0
2020-07-29,Running,172,182,5.0,167,204,8:22,6:57,1.15,574.0,638.0,502.0,417.0
2020-07-30,Running,173,189,4.3,171,177,7:47,7:25,1.21,594.0,600.0,467.0,445.0
2020-08-01,Running,164,184,5.0,166,179,9:47,7:33,0.99,475.0,785.0,587.0,453.0
2020-08-02,Running,160,178,4.9,166,240,8:58,6:54,1.08,574.0,718.0,538.0,414.0
2020-08-03,Running,157,181,4.3,130,220,13:30,9:59,0.91,,,810.0,599.0
2020-08-04,Running,156,176,3.6,168,177,9:13,8:06,1.04,594.0,600.0,553.0,486.0
2020-08-05,Running,167,181,5.0,167,176,8:10,7:06,1.18,577.0,600.0,490.0,426.0
2020-08-06,Running,161,176,3.8,164,249,8:55,7:22,1.1,594.0,600.0,535.0,442.0
2020-08-08,Running,164,185,5.0,165,247,9:37,4:43,1.02,574.0,1322.0,577.0,283.0
2020-08-09,Running,161,177,5.0,158,172,9:44,6:47,1.04,574.0,1030.0,584.0,407.0
2020-08-09,Running,141,156,1.8,163,168,9:24,8:07,1.05,586.0,600.0,564.0,487.0
2020-08-10,Treadmill Running,137,151,2.8,100,124,23:21,14:27,0.69,,,1401.0,867.0
2020-08-11,Running,163,176,3.8,166,174,8:07,7:04,1.19,594.0,600.0,487.0,424.0
2020-08-12,Running,163,179,4.6,167,189,8:42,7:18,1.11,577.0,600.0,522.0,438.0
2020-08-13,Running,161,174,3.9,165,170,9:15,8:04,1.06,594.0,600.0,555.0,484.0
2020-08-15,Running,164,183,5.0,164,201,10:12,7:35,0.96,560.0,711.0,612.0,455.0
2020-08-16,Running,160,179,5.0,167,177,8:37,6:31,1.12,591.0,604.0,517.0,391.0
2020-08-17,Treadmill Running,138,158,2.7,100,124,24:31,13:37,0.64,,,1471.0,817.0
2020-08-18,Running,154,171,3.0,165,172,9:03,8:06,1.08,591.0,597.0,543.0,486.0
2020-08-19,Running,162,175,3.9,168,174,8:27,7:20,1.14,594.0,597.0,507.0,440.0
2020-08-20,Running,169,184,5.0,169,179,8:05,6:16,1.18,592.0,597.0,485.0,376.0
2020-08-22,Running,173,185,5.0,167,181,8:06,6:31,1.19,574.0,860.0,486.0,391.0
2020-08-23,Running,166,179,5.0,164,175,9:11,7:32,1.07,591.0,597.0,551.0,452.0
2020-08-24,Treadmill Running,148,172,3.8,116,245,17:12,7:09,0.81,,,1032.0,429.0
2020-08-25,Running,158,194,3.8,165,178,8:41,6:06,1.13,594.0,600.0,521.0,366.0
2020-08-26,Running,165,178,5.0,166,185,8:19,7:23,1.16,594.0,604.0,499.0,443.0
2020-08-27,Running,147,167,3.9,151,243,10:38,8:21,0.98,594.0,601.0,638.0,501.0
2020-08-29,Running,161,178,5.0,167,179,9:24,7:13,1.02,574.0,657.0,564.0,433.0
2020-08-30,Running,165,181,5.0,166,175,8:45,7:42,1.11,591.0,604.0,525.0,462.0
2020-09-01,Running,151,164,3.3,167,183,8:54,8:06,1.08,597.0,604.0,534.0,486.0
2020-09-02,Running,166,178,5.0,171,179,8:12,7:33,1.15,594.0,604.0,492.0,453.0
2020-09-03,Running,161,177,4.4,170,246,8:07,5:49,1.16,594.0,602.0,487.0,349.0
2020-09-05,Running,165,194,5.0,170,185,9:03,6:41,1.05,524.0,631.0,543.0,401.0
2020-09-06,Running,161,184,5.0,167,178,8:53,7:36,1.08,591.0,604.0,533.0,456.0
2020-09-08,Running,154,170,3.4,168,183,8:37,7:41,1.11,594.0,600.0,517.0,461.0
2020-09-09,Running,159,176,4.7,169,189,7:58,7:16,1.2,594.0,604.0,478.0,436.0
2020-09-10,Running,161,189,4.4,171,181,8:32,7:50,1.11,594.0,602.0,512.0,470.0
2020-09-12,Running,153,156,4.1,167,178,9:17,7:08,1.04,574.0,601.0,557.0,428.0
2020-09-13,Running,155,179,4.4,168,238,8:34,7:33,1.12,591.0,604.0,514.0,453.0
2020-09-15,Running,148,160,2.7,169,175,8:45,7:49,1.09,597.0,600.0,525.0,469.0
2020-09-16,Running,155,171,3.6,168,174,8:40,8:02,1.11,591.0,604.0,520.0,482.0
2020-09-17,Running,157,178,4.1,172,179,8:01,6:53,1.17,594.0,601.0,481.0,413.0
2020-09-19,Running,163,182,5.0,170,181,8:27,7:44,1.12,593.0,604.0,507.0,464.0
2020-09-20,Running,168,174,5.0,171,242,7:52,6:56,1.2,594.0,604.0,472.0,416.0
2020-09-22,Running,163,174,3.9,168,174,8:23,7:53,1.14,582.0,604.0,503.0,473.0
2020-09-23,Running,168,182,5.0,169,179,8:33,3:18,1.11,593.0,604.0,513.0,198.0
2020-09-24,Running,153,182,3.5,162,175,9:50,7:59,1.01,595.0,602.0,590.0,479.0
2020-09-26,Running,159,183,5.0,169,181,8:36,6:30,1.11,574.0,849.0,516.0,390.0
2020-09-27,Running,153,173,4.2,167,247,9:23,7:36,1.03,591.0,604.0,563.0,456.0
2020-09-29,Running,134,147,2.6,172,179,8:25,7:36,1.11,591.0,604.0,505.0,456.0
2020-09-30,Running,158,191,4.9,169,175,8:42,7:49,1.09,594.0,604.0,522.0,469.0
2020-10-01,Running,162,177,4.5,171,177,8:24,7:21,1.12,594.0,601.0,504.0,441.0
2020-10-03,Running,157,187,4.9,168,189,8:54,6:40,1.08,574.0,912.0,534.0,400.0
2020-10-04,Running,157,183,4.3,156,242,11:55,6:05,0.86,574.0,748.0,715.0,365.0
2020-10-06,Running,139,150,3.0,169,177,8:45,7:49,1.09,578.0,600.0,525.0,469.0
2020-10-07,Running,165,183,5.0,169,242,8:07,7:10,1.18,594.0,604.0,487.0,430.0
2020-10-08,Running,162,186,4.4,170,224,7:59,6:03,1.18,592.0,600.0,479.0,363.0
2020-10-10,Running,162,179,5.0,166,242,9:04,7:13,1.07,574.0,1387.0,544.0,433.0
2020-10-11,Running,154,171,4.3,164,239,9:04,8:04,1.08,591.0,604.0,544.0,484.0
2020-10-13,Running,162,177,3.9,165,172,8:26,7:35,1.15,591.0,604.0,506.0,455.0
2020-10-14,Running,163,177,4.8,164,172,9:00,8:24,1.09,594.0,604.0,540.0,504.0
2020-10-15,Running,164,182,4.5,167,179,8:21,7:21,1.15,594.0,601.0,501.0,441.0
2020-10-17,Running,162,177,4.9,165,174,8:25,7:04,1.16,577.0,604.0,505.0,424.0
2020-10-18,Running,152,158,4.2,167,179,8:30,6:19,1.13,591.0,602.0,510.0,379.0
2020-10-20,Running,157,176,3.5,166,177,7:51,7:04,1.24,591.0,604.0,471.0,424.0
2020-10-21,Running,161,185,5.0,165,179,8:28,6:07,1.16,594.0,604.0,508.0,367.0
2020-10-22,Running,159,170,4.2,163,170,8:33,7:23,1.15,594.0,601.0,513.0,443.0
2020-10-24,Running,160,203,5.0,165,236,9:26,6:50,1.03,574.0,5596.0,566.0,410.0
2020-10-25,Running,152,169,4.0,165,250,9:05,7:25,1.07,576.0,600.0,545.0,445.0
2020-10-27,Running,150,172,3.3,167,175,8:42,7:51,1.11,591.0,603.0,522.0,471.0
2020-10-28,Running,158,174,4.7,166,175,8:28,7:36,1.14,593.0,604.0,508.0,456.0
2020-10-29,Running,161,175,4.2,168,175,8:03,7:21,1.19,594.0,602.0,483.0,441.0
2020-10-31,Running,161,177,4.7,164,189,9:41,7:26,1.01,574.0,604.0,581.0,446.0
2020-11-01,Running,149,177,3.7,166,244,9:07,5:36,1.07,574.0,604.0,547.0,336.0
2020-11-03,Running,149,181,3.3,165,174,8:22,7:07,1.16,587.0,600.0,502.0,427.0
2020-11-04,Running,156,173,4.1,166,242,8:59,7:55,1.08,577.0,600.0,539.0,475.0
2020-11-05,Running,161,175,4.3,166,175,8:33,7:19,1.13,594.0,602.0,513.0,439.0
2020-11-07,Running,156,180,4.3,164,247,9:41,6:46,1.01,574.0,636.0,581.0,406.0
2020-11-08,Running,148,173,3.5,162,240,9:38,6:32,1.03,576.0,603.0,578.0,392.0
2020-11-10,Running,166,178,4.0,165,174,8:01,7:19,1.22,587.0,600.0,481.0,439.0
2020-11-11,Running,159,184,4.5,169,189,8:02,5:51,1.19,591.0,601.0,482.0,351.0
2020-11-12,Running,158,176,4.1,168,250,8:07,6:41,1.18,594.0,602.0,487.0,401.0
2020-11-14,Running,161,181,4.9,169,182,8:08,6:31,1.17,564.0,602.0,488.0,391.0
2020-11-15,Running,157,180,4.3,170,182,7:52,5:32,1.2,594.0,602.0,472.0,332.0
2020-11-17,Running,158,171,3.6,169,176,8:17,7:10,1.15,584.0,604.0,497.0,430.0
2020-11-18,Running,159,189,4.8,170,189,8:25,5:49,1.13,576.0,600.0,505.0,349.0
2020-11-19,Running,159,172,4.2,169,189,8:49,7:07,1.08,594.0,602.0,529.0,427.0
2020-11-21,Running,160,180,5.0,168,242,9:12,7:13,1.04,574.0,605.0,552.0,433.0
2020-11-22,Running,180,184,5.0,167,177,9:25,6:13,1.02,576.0,600.0,565.0,373.0
2020-11-24,Running,153,168,3.4,166,175,9:02,7:40,1.07,591.0,600.0,542.0,460.0
2020-11-25,Running,154,176,4.3,164,238,9:33,7:19,1.03,576.0,600.0,573.0,439.0
2020-11-26,Running,171,193,5.0,174,183,7:28,6:58,1.24,594.0,601.0,448.0,418.0
2020-11-28,Running,149,178,4.0,160,247,9:54,6:24,1.01,574.0,605.0,594.0,384.0
2020-11-29,Running,162,167,5.0,170,185,8:49,7:07,1.08,577.0,600.0,529.0,427.0
2020-12-01,Running,161,176,3.5,172,181,8:10,7:13,1.15,591.0,604.0,490.0,433.0
2020-12-02,Running,162,184,5.0,168,250,8:08,6:30,1.18,577.0,600.0,488.0,390.0
2020-12-03,Running,160,180,4.1,173,181,8:10,7:14,1.14,594.0,603.0,490.0,434.0
2020-12-05,Running,149,176,3.9,168,250,9:28,7:12,1.01,574.0,604.0,568.0,432.0
2020-12-06,Running,166,198,5.0,169,183,9:13,7:21,1.03,576.0,600.0,553.0,441.0
2020-12-08,Running,164,176,3.8,172,191,8:21,5:52,1.12,587.0,600.0,501.0,352.0
2020-12-10,Running,161,178,4.5,169,177,9:08,7:30,1.04,594.0,642.0,548.0,450.0
2020-12-12,Running,159,177,4.7,169,179,9:23,7:51,1.01,595.0,604.0,563.0,471.0
2020-12-13,Running,150,178,3.7,168,189,8:51,7:39,1.08,588.0,614.0,531.0,459.0
2020-12-15,Running,159,175,3.6,170,177,8:51,8:04,1.07,587.0,600.0,531.0,484.0
2020-12-16,Running,156,174,4.4,168,181,9:17,7:35,1.03,577.0,600.0,557.0,455.0
2020-12-17,Running,154,174,3.5,170,250,8:34,7:33,1.11,594.0,601.0,514.0,453.0
2020-12-19,Running,166,195,5.0,167,179,9:14,7:18,1.04,574.0,605.0,554.0,438.0
2020-12-20,Running,149,179,4.2,163,222,9:37,7:47,1.03,607.0,655.0,577.0,467.0
2020-12-22,Running,154,167,3.4,174,242,8:16,7:08,1.12,587.0,600.0,496.0,428.0
2020-12-24,Running,142,163,3.2,174,186,8:05,7:14,1.14,594.0,603.0,485.0,434.0
2020-12-26,Running,161,178,5.0,166,179,9:06,8:13,1.07,595.0,604.0,546.0,493.0
2020-12-27,Running,154,179,4.1,165,178,9:26,7:53,1.03,595.0,604.0,566.0,473.0
2020-12-29,Running,141,193,3.0,168,182,8:36,6:31,1.11,587.0,600.0,516.0,391.0
2020-12-31,Running,158,166,4.2,169,179,8:16,7:06,1.15,594.0,601.0,496.0,426.0
2021-01-02,Running,158,179,5.0,165,179,9:05,7:25,1.07,579.0,616.0,545.0,445.0
2021-01-05,Running,157,173,3.4,169,178,9:10,8:38,1.04,597.0,600.0,550.0,518.0
2021-01-06,Running,148,168,2.7,168,174,9:09,8:21,1.05,597.0,597.0,549.0,501.0
2021-01-09,Running,151,197,5.0,147,250,14:55,6:51,0.73,1386.0,1944.0,895.0,411.0
2021-01-23,Running,160,173,3.5,167,176,9:53,8:41,0.97,597.0,600.0,593.0,521.0
2021-01-26,Running,149,158,3.0,159,167,10:55,8:52,0.93,597.0,600.0,655.0,532.0
2021-02-01,Running,166,172,5.0,166,177,9:41,7:23,1.0,594.0,604.0,581.0,443.0
2021-02-07,Running,160,190,4.7,169,216,9:18,8:20,1.03,594.0,602.0,558.0,500.0
2021-02-09,Running,146,184,3.7,168,179,9:02,6:33,1.06,591.0,604.0,542.0,393.0
2021-02-10,Running,166,183,5.0,163,241,10:01,7:41,0.98,567.0,647.0,601.0,461.0
2021-02-11,Running,160,186,4.8,164,174,9:39,7:45,1.02,594.0,601.0,579.0,465.0
2021-02-16,Running,159,180,4.0,161,175,9:31,7:14,1.05,728.0,741.0,571.0,434.0
2021-02-17,Running,161,184,4.8,159,243,10:44,7:54,0.94,577.0,600.0,644.0,474.0
2021-02-18,Running,167,183,5.0,164,242,9:41,8:24,1.01,594.0,601.0,581.0,504.0
2021-02-21,Running,166,188,5.0,166,206,9:43,7:30,1.0,576.0,602.0,583.0,450.0
2021-02-23,Running,153,180,3.5,166,175,8:08,7:28,1.19,587.0,604.0,488.0,448.0
2021-02-24,Running,163,181,5.0,159,247,9:32,7:27,1.06,577.0,600.0,572.0,447.0
2021-02-25,Running,158,173,4.1,166,177,8:31,7:23,1.14,594.0,602.0,511.0,443.0
2021-02-27,Running,163,185,5.0,164,236,9:41,7:29,1.01,576.0,600.0,581.0,449.0
2021-02-28,Running,150,174,3.5,164,247,10:22,8:36,0.95,576.0,600.0,622.0,516.0
2021-03-02,Running,168,190,4.2,169,179,8:06,7:00,1.18,586.0,603.0,486.0,420.0
2021-03-03,Running,160,190,4.7,165,233,9:20,7:41,1.05,575.0,667.0,560.0,461.0
2021-03-04,Running,148,172,3.6,167,175,9:16,7:40,1.04,594.0,601.0,556.0,460.0
2021-03-05,Running,173,181,5.0,163,170,10:15,8:19,0.96,594.0,600.0,615.0,499.0
2021-03-06,Running,173,181,5.0,164,168,10:07,8:57,0.97,597.0,600.0,607.0,537.0
2021-03-06,Running,160,178,3.9,164,175,9:34,7:46,1.03,597.0,600.0,574.0,466.0
2021-03-06,Running,166,187,4.3,168,175,9:03,8:11,1.06,586.0,661.0,543.0,491.0
2021-03-06,Running,162,184,3.9,168,179,8:39,7:59,1.11,587.0,603.0,519.0,479.0
2021-03-06,Running,137,150,2.8,163,181,9:22,5:25,1.06,587.0,604.0,562.0,325.0
2021-03-06,Running,144,162,3.1,162,170,9:59,8:29,1.0,597.0,600.0,599.0,509.0
2021-03-07,Running,162,178,3.9,166,177,8:50,7:49,1.1,547.0,604.0,530.0,469.0
2021-03-07,Running,152,167,3.4,164,172,9:09,8:32,1.07,586.0,1220.0,549.0,512.0
2021-03-07,Running,151,170,3.5,162,174,9:33,8:35,1.03,587.0,603.0,573.0,515.0
2021-03-07,Running,160,188,3.8,164,246,9:11,7:30,1.07,587.0,603.0,551.0,450.0
2021-03-07,Running,147,170,3.4,163,170,9:20,8:35,1.06,597.0,600.0,560.0,515.0
2021-03-13,Running,155,175,3.0,163,247,8:49,6:55,1.12,592.0,600.0,529.0,415.0
2021-03-14,Running,162,187,4.3,169,238,8:04,6:58,1.18,574.0,604.0,484.0,418.0
2021-03-16,Running,166,188,4.1,166,177,7:56,6:55,1.22,587.0,603.0,476.0,415.0
2021-03-17,Running,154,178,2.8,166,174,7:32,6:52,1.29,597.0,709.0,452.0,412.0
2021-03-20,Running,167,183,4.9,164,175,7:48,7:06,1.26,577.0,604.0,468.0,426.0
2021-03-21,Running,169,181,5.0,161,173,8:18,6:50,1.2,591.0,604.0,498.0,410.0
2021-03-24,Running,159,177,4.4,164,174,8:37,7:26,1.14,575.0,600.0,517.0,446.0
2021-03-25,Running,140,172,3.0,167,176,8:03,7:11,1.2,594.0,601.0,483.0,431.0
2021-03-27,Running,161,183,5.0,166,233,8:26,6:27,1.15,576.0,600.0,506.0,387.0
2021-03-28,Running,149,182,3.6,166,227,8:52,7:13,1.09,594.0,601.0,532.0,433.0
2021-03-30,Running,160,174,3.7,163,174,8:21,7:13,1.19,582.0,604.0,501.0,433.0
2021-04-01,Running,120,137,2.0,109,175,8:19,5:34,1.9,594.0,602.0,499.0,334.0
2021-04-03,Running,167,182,5.0,164,175,8:18,7:17,1.18,595.0,604.0,498.0,437.0
2021-04-04,Running,147,164,3.2,161,168,9:30,7:50,1.05,581.0,594.0,570.0,470.0
2021-04-05,Running,157,176,4.0,164,183,9:17,7:55,1.05,584.0,640.0,557.0,475.0
2021-04-06,Running,158,173,3.4,166,173,9:12,8:02,1.05,594.0,601.0,552.0,482.0
2021-04-11,Running,117,173,2.8,114,242,28:45,13:34,0.49,3829.0,4433.0,1725.0,814.0
2021-04-12,Running,114,151,1.6,110,224,21:49,1:09,0.67,3642.0,4260.0,1309.0,69.0
2021-04-29,Running,157,171,3.9,159,168,10:07,8:35,1.0,586.0,603.0,607.0,515.0
2021-05-01,Running,163,180,4.4,164,174,8:59,6:59,1.09,586.0,604.0,539.0,419.0
2021-05-04,Running,159,169,4.2,166,177,8:26,7:23,1.15,594.0,604.0,506.0,443.0
2021-05-06,Running,158,181,4.2,164,247,8:45,7:04,1.12,581.0,604.0,525.0,424.0
2021-05-08,Running,157,178,4.6,163,238,8:56,7:54,1.1,594.0,600.0,536.0,474.0
2021-05-11,Running,162,177,3.8,162,172,8:49,7:59,1.13,597.0,600.0,529.0,479.0
2021-05-13,Running,162,176,4.2,164,178,8:14,7:17,1.19,591.0,656.0,494.0,437.0
2021-05-15,Running,148,161,3.6,161,170,9:16,8:29,1.08,586.0,604.0,556.0,509.0
2021-05-18,Running,163,176,5.0,161,168,9:36,6:34,1.04,-1640.0,602.0,576.0,394.0
2021-05-20,Running,169,182,5.0,158,164,9:16,8:26,1.1,583.0,671.0,556.0,506.0
2021-05-22,Running,168,178,5.0,160,166,9:12,8:09,1.09,594.0,610.0,552.0,489.0
2021-05-23,Running,158,171,3.6,162,170,8:33,7:50,1.16,581.0,604.0,513.0,470.0
2021-05-25,Running,164,176,4.3,159,168,8:44,7:59,1.16,583.0,604.0,524.0,479.0
2021-05-27,Running,167,179,5.0,162,177,9:04,7:56,1.1,594.0,602.0,544.0,476.0
2021-05-29,Running,167,182,5.0,163,170,9:26,8:17,1.05,594.0,604.0,566.0,497.0
2021-05-30,Running,162,176,4.4,162,170,8:18,7:12,1.19,594.0,601.0,498.0,432.0
2021-06-01,Running,156,170,3.7,158,168,9:00,7:51,1.13,440.0,604.0,540.0,471.0
2021-06-03,Running,163,176,4.1,162,172,9:03,7:44,1.1,586.0,604.0,543.0,464.0
2021-06-05,Running,158,174,4.3,159,245,9:26,8:04,1.08,594.0,601.0,566.0,484.0
2021-06-06,Running,156,166,3.5,159,171,8:29,7:28,1.19,578.0,601.0,509.0,448.0
2021-06-08,Running,168,182,4.8,159,170,8:42,7:33,1.16,584.0,604.0,522.0,453.0
2021-06-10,Running,165,175,5.0,159,168,9:00,7:14,1.12,586.0,604.0,540.0,434.0
2021-06-12,Running,156,175,4.6,159,170,9:16,8:09,1.09,594.0,604.0,556.0,489.0
2021-06-13,Running,149,163,3.4,158,240,9:42,8:16,1.05,585.0,604.0,582.0,496.0
2021-06-15,Running,158,170,4.2,160,243,8:54,7:33,1.13,594.0,602.0,534.0,453.0
2021-06-17,Running,158,165,4.5,163,181,8:47,7:54,1.12,594.0,604.0,527.0,474.0
2021-06-19,Running,163,177,5.0,164,236,8:56,7:59,1.1,594.0,602.0,536.0,479.0
2021-06-20,Running,156,176,3.9,162,172,9:00,7:03,1.1,586.0,604.0,540.0,423.0
2021-06-22,Running,157,166,3.6,162,177,8:23,6:26,1.18,587.0,604.0,503.0,386.0
2021-06-24,Running,149,166,3.1,159,164,9:26,8:52,1.08,591.0,600.0,566.0,532.0
2021-06-26,Running,170,184,5.0,159,175,8:36,5:15,1.17,686.0,728.0,516.0,315.0
2021-06-27,Running,150,168,3.1,158,166,9:20,7:29,1.09,699.0,738.0,560.0,449.0
2021-06-29,Running,165,177,5.0,161,172,9:16,7:45,1.08,594.0,604.0,556.0,465.0
2021-07-01,Running,165,191,4.7,164,172,8:22,7:29,1.18,594.0,601.0,502.0,449.0
2021-07-03,Running,156,182,4.9,159,241,10:14,7:12,0.99,574.0,604.0,614.0,432.0
2021-07-04,Running,150,178,3.9,159,168,9:58,6:47,1.02,594.0,601.0,598.0,407.0
2021-07-06,Running,159,173,4.4,162,238,9:12,8:07,1.08,594.0,601.0,552.0,487.0
2021-07-08,Running,145,167,3.5,163,172,9:32,8:06,1.04,594.0,604.0,572.0,486.0
2021-07-10,Running,158,178,4.9,165,175,9:23,7:54,1.04,576.0,600.0,563.0,474.0
2021-07-11,Running,158,177,3.9,162,177,8:49,7:32,1.13,587.0,604.0,529.0,452.0
2021-07-13,Running,159,173,4.3,163,173,8:39,7:42,1.14,594.0,601.0,519.0,462.0
2021-07-15,Running,148,158,3.3,162,173,9:05,7:54,1.09,586.0,604.0,545.0,474.0
2021-07-17,Running,153,179,4.4,163,247,9:02,6:56,1.09,594.0,604.0,542.0,416.0
2021-07-18,Running,143,161,3.1,160,170,9:54,7:11,1.02,586.0,604.0,594.0,431.0
2021-07-20,Running,170,182,5.0,164,172,8:26,7:21,1.17,594.0,604.0,506.0,441.0
2021-07-21,Running,160,187,4.5,164,226,8:49,6:13,1.11,594.0,600.0,529.0,373.0
2021-07-22,Running,144,157,3.0,163,170,9:41,8:33,1.02,597.0,600.0,581.0,513.0
2021-07-24,Running,160,179,5.0,163,173,9:33,7:39,1.04,576.0,600.0,573.0,459.0
2021-07-25,Running,154,166,3.8,162,168,9:09,8:17,1.08,586.0,604.0,549.0,497.0
2021-07-27,Running,156,172,4.8,162,240,9:30,8:04,1.04,594.0,604.0,570.0,484.0
2021-07-28,Running,167,186,5.0,164,222,8:56,6:40,1.1,594.0,621.0,536.0,400.0
2021-07-29,Running,165,178,4.4,162,238,8:34,6:04,1.16,586.0,604.0,514.0,364.0
2021-07-31,Running,145,166,3.6,163,178,9:44,8:29,1.02,594.0,601.0,584.0,509.0
2021-08-01,Running,150,169,3.8,163,194,9:09,6:55,1.08,,86.0,549.0,415.0
2021-08-03,Running,147,175,3.2,156,164,9:50,8:51,1.05,187.0,305.0,590.0,531.0
2021-08-04,Running,149,168,3.6,157,164,9:50,7:41,1.04,276.0,595.0,590.0,461.0
2021-08-07,Running,154,178,4.5,156,227,9:52,8:09,1.04,8.0,152.0,592.0,489.0
2021-08-08,Running,143,163,3.0,161,166,9:05,7:25,1.1,86.0,180.0,545.0,445.0
2021-08-10,Running,162,176,4.0,164,182,8:50,8:04,1.11,586.0,604.0,530.0,484.0
2021-08-11,Running,172,191,5.0,159,249,9:08,6:18,1.1,594.0,602.0,548.0,378.0
2021-08-12,Running,167,179,5.0,161,168,9:06,8:10,1.1,564.0,653.0,546.0,490.0
2021-08-13,Running,165,181,4.0,163,172,8:32,7:13,1.15,577.0,604.0,512.0,433.0
2021-08-14,Running,158,179,5.0,162,175,9:29,7:44,1.04,575.0,600.0,569.0,464.0
2021-08-15,Running,138,157,2.8,166,175,9:14,8:20,1.05,594.0,597.0,554.0,500.0
2021-08-17,Running,155,173,3.8,162,170,8:35,7:32,1.16,582.0,603.0,515.0,452.0
2021-08-18,Running,161,184,4.5,164,249,8:30,6:52,1.15,594.0,600.0,510.0,412.0
2021-08-19,Running,151,173,4.0,164,172,9:17,8:02,1.06,594.0,600.0,557.0,482.0
2021-08-20,Running,164,177,4.0,164,181,8:26,7:35,1.16,583.0,604.0,506.0,455.0
2021-08-21,Running,162,198,5.0,158,240,10:19,7:19,0.98,574.0,600.0,619.0,439.0
2021-08-22,Running,148,170,4.1,164,174,9:27,7:59,1.04,594.0,600.0,567.0,479.0
2021-08-25,Running,142,157,2.8,160,168,10:54,8:23,0.92,594.0,604.0,654.0,503.0
2021-08-27,Running,157,179,3.8,162,178,9:08,6:25,1.09,585.0,604.0,548.0,385.0
2021-08-28,Running,163,181,5.0,164,174,8:59,6:57,1.09,594.0,604.0,539.0,417.0
2021-08-29,Running,154,178,4.2,164,174,9:12,7:23,1.07,586.0,604.0,552.0,443.0
2021-08-31,Running,162,174,4.5,164,172,8:55,8:10,1.1,594.0,602.0,535.0,490.0
2021-09-01,Running,164,183,5.0,165,175,8:39,6:20,1.13,594.0,601.0,519.0,380.0
2021-09-02,Running,153,165,3.7,165,174,8:53,8:00,1.1,594.0,604.0,533.0,480.0
2021-09-03,Running,150,167,3.0,165,243,8:51,7:45,1.1,594.0,600.0,531.0,465.0
2021-09-04,Running,162,180,4.3,168,245,8:51,6:25,1.08,574.0,604.0,531.0,385.0
2021-09-05,Running,156,176,4.0,163,185,9:48,8:03,1.0,594.0,602.0,588.0,483.0
2021-09-07,Running,154,171,3.5,164,174,8:41,6:56,1.13,586.0,604.0,521.0,416.0
2021-09-09,Running,160,183,4.2,165,174,8:19,7:18,1.17,594.0,604.0,499.0,438.0
2021-09-10,Running,158,170,3.3,166,175,8:20,7:05,1.16,582.0,604.0,500.0,425.0
2021-09-11,Running,155,186,4.0,167,181,9:38,7:28,1.0,574.0,842.0,578.0,448.0
2021-09-12,Running,144,177,3.4,162,197,10:14,8:21,0.97,574.0,711.0,614.0,501.0
2021-09-14,Running,148,163,2.9,168,177,8:51,7:30,1.08,409.0,604.0,531.0,450.0
2021-09-15,Running,156,168,3.7,167,246,8:39,7:50,1.11,594.0,604.0,519.0,470.0
2021-09-21,Running,158,183,3.6,167,174,8:53,8:03,1.08,581.0,604.0,533.0,483.0
2021-09-22,Running,168,191,4.6,168,179,8:21,6:14,1.15,594.0,601.0,501.0,374.0
2021-09-23,Running,159,172,3.7,164,170,8:56,7:32,1.1,594.0,602.0,536.0,452.0
2021-09-25,Running,154,176,3.5,166,179,9:31,6:41,1.02,574.0,604.0,571.0,401.0
2021-09-26,Running,156,172,3.9,164,174,9:16,7:47,1.06,594.0,604.0,556.0,467.0
2021-09-28,Running,155,182,3.5,165,242,8:04,6:17,1.21,574.0,603.0,484.0,377.0
2021-09-29,Running,162,193,4.4,167,189,8:47,5:45,1.1,586.0,601.0,527.0,345.0
2021-09-30,Running,160,177,3.9,164,172,8:48,8:06,1.11,594.0,604.0,528.0,486.0
2021-10-01,Running,147,165,2.8,162,170,9:46,7:54,1.02,594.0,600.0,586.0,474.0
2021-10-02,Running,159,185,4.0,167,242,9:29,7:25,1.02,574.0,604.0,569.0,445.0
2021-10-03,Running,149,186,3.2,166,246,9:30,7:00,1.02,574.0,715.0,570.0,420.0
2021-10-05,Running,151,176,3.2,165,176,8:36,7:04,1.13,585.0,604.0,516.0,424.0
2021-10-06,Running,158,182,3.7,170,179,8:04,6:09,1.18,594.0,604.0,484.0,369.0
2021-10-07,Running,159,174,3.7,166,175,9:08,4:34,1.06,594.0,603.0,548.0,274.0
2021-10-08,Running,160,190,3.3,166,179,8:13,4:41,1.18,584.0,604.0,493.0,281.0
2021-10-09,Running,158,194,4.0,167,242,9:28,7:03,1.02,574.0,604.0,568.0,423.0
2021-10-10,Running,144,173,3.3,164,230,9:31,7:08,1.03,686.0,728.0,571.0,428.0
2021-10-12,Running,149,170,3.1,166,175,8:12,7:12,1.18,586.0,604.0,492.0,432.0
2021-10-13,Running,154,186,3.5,168,245,8:19,5:35,1.15,594.0,601.0,499.0,335.0
2021-10-14,Running,156,175,3.6,166,238,8:20,7:26,1.17,594.0,602.0,500.0,446.0
2021-10-16,Running,154,182,3.5,167,176,8:52,6:36,1.09,574.0,604.0,532.0,396.0
2021-10-17,Running,161,185,3.8,165,175,9:29,7:59,1.03,594.0,604.0,569.0,479.0
2021-10-20,Running,159,178,3.4,167,238,8:07,6:38,1.19,594.0,600.0,487.0,398.0
2021-10-21,Running,155,173,3.3,166,241,8:12,6:18,1.18,585.0,604.0,492.0,378.0
2021-10-23,Running,157,180,3.3,164,203,9:10,5:16,1.07,,72.0,550.0,316.0
2021-10-24,Running,159,177,3.9,164,178,8:29,6:37,1.16,23.0,138.0,509.0,397.0
2021-10-26,Running,141,175,3.3,167,243,8:10,6:43,1.18,594.0,604.0,490.0,403.0
2021-10-28,Running,160,178,3.1,170,175,8:16,7:22,1.14,594.0,600.0,496.0,442.0
2021-10-30,Running,166,192,5.0,165,244,9:46,7:32,1.0,574.0,600.0,586.0,452.0
2021-11-14,Running,152,159,2.6,167,174,9:41,8:57,1.0,594.0,597.0,581.0,537.0
2021-11-20,Running,156,175,3.0,171,175,9:07,8:03,1.03,597.0,600.0,547.0,483.0
2021-11-21,Running,149,180,3.4,171,186,8:39,8:03,1.09,594.0,600.0,519.0,483.0
2021-11-23,Running,161,179,3.5,171,181,8:23,7:47,1.12,591.0,597.0,503.0,467.0
2021-11-25,Running,153,186,3.2,171,179,7:55,7:13,1.19,587.0,597.0,475.0,433.0
2021-11-27,Running,148,194,3.5,171,181,7:42,7:08,1.22,594.0,600.0,462.0,428.0
2021-11-30,Running,156,177,3.9,166,175,8:14,6:48,1.18,594.0,655.0,494.0,408.0
2021-12-03,Running,156,206,3.8,169,177,8:00,7:26,1.19,594.0,600.0,480.0,446.0
2021-12-04,Running,162,189,4.5,171,242,8:04,7:14,1.17,594.0,604.0,484.0,434.0
2021-12-07,Running,155,176,3.3,174,181,7:53,7:13,1.17,597.0,600.0,473.0,433.0
2021-12-09,Running,155,182,3.4,166,175,7:51,7:12,1.23,594.0,600.0,471.0,432.0
2021-12-11,Running,163,181,4.1,162,175,10:05,8:26,0.99,594.0,600.0,605.0,506.0
2021-12-14,Running,167,178,3.8,166,172,8:32,7:41,1.14,594.0,600.0,512.0,461.0
2021-12-15,Running,167,191,4.7,165,246,8:29,6:32,1.15,594.0,604.0,509.0,392.0
2021-12-16,Running,175,187,5.0,167,239,8:53,7:59,1.09,594.0,604.0,533.0,479.0
2021-12-17,Running,163,197,5.0,163,242,9:50,7:50,1.01,576.0,629.0,590.0,470.0
2021-12-19,Running,139,173,2.6,162,242,9:39,7:35,1.03,274.0,471.0,579.0,455.0
2021-12-21,Running,160,187,3.7,168,177,8:00,7:17,1.2,8.0,141.0,480.0,437.0
2021-12-22,Running,122,144,1.8,166,175,8:24,6:14,1.15,40.0,146.0,504.0,374.0
2021-12-23,Running,156,182,3.8,169,179,8:30,7:02,1.12,8.0,147.0,510.0,422.0
2021-12-24,Running,153,192,3.8,166,236,9:33,7:07,1.02,3.0,200.0,573.0,427.0
2021-12-25,Running,158,178,4.1,167,177,8:53,7:42,1.09,3.0,144.0,533.0,462.0
2021-12-26,Running,165,190,3.5,164,224,8:36,6:00,1.14,55.0,193.0,516.0,360.0
2021-12-30,Running,145,181,2.9,169,227,7:52,7:03,1.21,594.0,600.0,472.0,423.0
2021-12-31,Running,162,182,4.0,168,181,8:10,7:30,1.17,594.0,604.0,490.0,450.0
2022-01-01,Running,141,175,2.7,169,242,7:51,6:33,1.21,594.0,600.0,471.0,393.0
2022-01-02,Running,153,172,3.5,161,172,9:41,7:54,1.03,594.0,604.0,581.0,474.0
2022-01-03,Running,157,175,3.5,167,177,9:00,7:36,1.07,594.0,600.0,540.0,456.0
2022-01-04,Running,160,182,3.9,164,176,8:34,7:49,1.14,594.0,604.0,514.0,469.0
2022-01-05,Running,165,187,4.3,168,183,8:14,6:23,1.16,594.0,604.0,494.0,383.0
2022-01-06,Running,162,179,3.8,164,179,9:04,7:35,1.08,594.0,604.0,544.0,455.0
2022-01-07,Running,146,167,2.6,167,179,8:39,5:16,1.11,594.0,600.0,519.0,316.0
2022-01-13,Running,162,173,3.8,167,247,9:28,7:53,1.02,594.0,604.0,568.0,473.0
2022-01-14,Running,155,176,3.3,169,177,8:50,8:16,1.08,594.0,600.0,530.0,496.0
2022-01-15,Running,151,178,4.0,161,189,11:02,9:06,0.9,585.0,822.0,662.0,546.0
2022-01-16,Running,148,171,3.4,160,210,10:42,8:43,0.94,594.0,604.0,642.0,523.0
2022-01-18,Running,151,167,3.3,162,172,9:56,8:41,1.0,594.0,600.0,596.0,521.0
2022-01-19,Running,170,188,4.6,166,179,8:31,6:05,1.14,594.0,604.0,511.0,365.0
2022-01-20,Running,152,172,3.5,164,176,8:47,7:34,1.12,594.0,604.0,527.0,454.0
2022-01-22,Running,159,173,4.0,164,177,9:32,7:28,1.03,594.0,604.0,572.0,448.0
2022-01-23,Running,155,183,3.7,161,172,9:23,6:43,1.06,594.0,604.0,563.0,403.0
2022-01-25,Running,150,163,3.1,162,174,9:36,8:13,1.04,594.0,604.0,576.0,493.0
2022-01-26,Running,161,180,3.9,163,230,8:46,7:27,1.13,594.0,604.0,526.0,447.0
2022-01-27,Running,150,173,3.3,160,170,9:19,8:26,1.08,594.0,600.0,559.0,506.0
2022-01-29,Running,156,184,3.6,162,174,10:03,8:38,0.99,594.0,604.0,603.0,518.0
2022-01-30,Running,157,170,3.4,163,242,10:08,8:23,0.98,594.0,600.0,608.0,503.0
2022-02-01,Running,144,160,3.0,160,243,10:36,8:35,0.95,594.0,604.0,636.0,515.0
2022-02-03,Running,151,166,3.0,165,175,9:51,8:02,0.99,594.0,680.0,591.0,482.0
2022-02-05,Running,134,197,4.8,137,250,17:14,7:30,0.68,266.0,381.0,1034.0,450.0
